{
	"name": "Make Array",
	"id": "577b2eb1-ee93-4754-74d4-551e420df32b",
	"inputs": [
		{
			"name": "Item 0",
			"description": "The first item in the array",
			"dynamic": true,
			"type": "Double",
			"displayType": "Number",
			"nameKey": "graph_make_array_input_item0",
			"descriptionKey": "graph_make_array_input_item0_description",
			"displayTypeKey": "graph_type_number"
		}
	],
	"outputs": [
		{
			"name": "New",
			"generic": "T",
			"description": "The new array that contains all the input items",
			"dynamic": true,
			"type": "Array",
			"displayType": "{dataType} Array",
			"nameKey": "graph_make_array_output_new",
			"descriptionKey": "graph_make_array_output_new_description",
			"displayTypeKey": "graph_type_generic_array"
		}
	],
	"supportedValueTypes": [
		"Double",
		"Bool",
		"String",
		"Rect",
		"Vector2f",
		"Vector3f",
		"Vector4f",
		"Color",
		"Texture",
		"Entity",
		"Material"
	],
	"addableInput": {
		"index": 0,
		"baseName": "Item ",
		"baseNameKey": "graph_port_addable_item",
		"increaseStartIndex": 1
	},
	"scriptAPIVersion": "1.0.0",
	"js": "CGMakeArray.js",
	"category": "Utility",
	"version": "3.0.0",
	"description": "Create multiple items and add them to an array. You can click \"+\" to add more items. All types of variables are supported.",
	"productTypes": [
		"EHO",
		"EHD",
		"EHI"
	],
	"onlineWebsite": "graph_make_array_website",
	"nameKey": "graph_make_array_name",
	"categoryKey": "graph_category_utility",
	"descriptionKey": "graph_make_array_description"
}