{
	"name": "Detect Hand Gesture to Show/Hide Object",
	"id": "bd74dde1-a752-989b-6395-97080dbeff5b",
	"category": "Interaction",
	"description": "Shows or hides the target object when the selected hand gesture is detected\n",
	"groupTemplate": true,
	"productTypes": [
		"EHO",
		"EHD",
		"EHI"
	],
	"foldable": true,
	"expandable": true,
	"inputs": [
		{
			"name": "Target",
			"type": "Entity",
			"description": "The object to be shown or hidden",
			"displayType": "Scene Object",
			"nameKey": "graph_detect_hand_gesture_to_showhide_object_input_target",
			"descriptionKey": "graph_detect_hand_gesture_to_showhide_object_input_target_description",
			"displayTypeKey": "graph_type_sceneobject"
		},
		{
			"name": "Detect",
			"description": "The hand whose gesture will be detected. Hand 0 represents the first hand that appears in the scene, Hand 1, the second. Either represents either hand in the scene.",
			"type": "String",
			"value_list": [
				"Hand 0",
				"Hand 1",
				"Either"
			],
			"displayType": "String",
			"nameKey": "graph_detect_hand_gesture_to_showhide_object_input_detect",
			"descriptionKey": "graph_detect_hand_gesture_to_showhide_object_input_detect_description",
			"displayTypeKey": "graph_type_string",
			"value_list_i18n_keys": [
				"graph_detect_hand_gesture_to_control_visibility_input_detect_valueList_hand_0",
				"graph_detect_hand_gesture_to_control_visibility_input_detect_valueList_hand_1",
				"graph_detect_hand_gesture_to_control_visibility_input_detect_valueList_either"
			]
		},
		{
			"name": "Hand Gesture",
			"description": "The gesture of the user's hand",
			"type": "String",
			"value_list": [
				"Backhand 3-Finger Pointing Up",
				"4-Finger Pointing Up",
				"Fist",
				"Open Palm",
				"\"I Love You\"",
				"Horns",
				"Index Pointing up",
				"Victory",
				"Thumb up",
				"Hand Heart(Thumb Up)",
				"Hand Heart(Thumb Down)",
				"Open Fist Heart",
				"Finger Heart",
				"Index Pointing",
				"2-Finger Pointing",
				"3-Finger Pointing Up",
				"OK",
				"\"Call Me\"",
				"V(Thumb and Index)",
				"Touching Palms",
				"Kung Fu Salute(Fist Uncovered)",
				"\"Pray\"",
				"Palm up",
				"Kung Fu Salute (Fist Covered)",
				"Wrist V",
				"Salute",
				"Palm To Front",
				"Pinched Fingers",
				"Thumb down",
				"Index and Middle Pointing Up"
			],
			"displayType": "String",
			"nameKey": "graph_detect_hand_gesture_to_showhide_object_input_handgesture",
			"descriptionKey": "graph_detect_hand_gesture_to_showhide_object_input_handgesture_description",
			"displayTypeKey": "graph_type_string",
			"value_list_i18n_keys": [
				"graph_detect_hand_gesture_to_control_visibility_input_handgesturetype_valueList_backhand_3-finger_pointing_up",
				"graph_detect_hand_gesture_to_control_visibility_input_handgesturetype_valueList_4-finger_pointing_up",
				"graph_detect_hand_gesture_to_control_visibility_input_handgesturetype_valueList_fist",
				"graph_detect_hand_gesture_to_control_visibility_input_handgesturetype_valueList_open_palm",
				"graph_detect_hand_gesture_to_control_visibility_input_handgesturetype_valueList_\"i_love_you\"",
				"graph_detect_hand_gesture_to_control_visibility_input_handgesturetype_valueList_horns",
				"graph_detect_hand_gesture_to_control_visibility_input_handgesturetype_valueList_index_finger_up",
				"graph_detect_hand_gesture_to_control_visibility_input_handgesturetype_valueList_victory",
				"graph_detect_hand_gesture_to_control_visibility_input_handgesturetype_valueList_thumb_up",
				"graph_detect_hand_gesture_to_control_visibility_input_handgesturetype_valueList_hand_heart_(thumb_up)",
				"graph_detect_hand_gesture_to_control_visibility_input_handgesturetype_valueList_hand_heart_(thumb_down)",
				"graph_detect_hand_gesture_to_control_visibility_input_handgesturetype_valueList_open_fist_heart",
				"graph_detect_hand_gesture_to_control_visibility_input_handgesturetype_valueList_finger_heart",
				"graph_detect_hand_gesture_to_control_visibility_input_handgesturetype_valueList_index_pointing",
				"graph_detect_hand_gesture_to_control_visibility_input_handgesturetype_valueList_2-finger_pointing",
				"graph_detect_hand_gesture_to_control_visibility_input_handgesturetype_valueList_3-finger_pointing_up",
				"graph_detect_hand_gesture_to_control_visibility_input_handgesturetype_valueList_ok",
				"graph_detect_hand_gesture_to_control_visibility_input_handgesturetype_valueList_\"call_me\"",
				"graph_detect_hand_gesture_to_control_visibility_input_handgesturetype_valueList_v_(thumb_and_index_)",
				"graph_detect_hand_gesture_to_control_visibility_input_handgesturetype_valueList_touching_palms",
				"graph_detect_hand_gesture_to_control_visibility_input_handgesturetype_valueList_kung_fu_salute_(fist_uncovered)",
				"graph_detect_hand_gesture_to_control_visibility_input_handgesturetype_valueList_\"pray\"",
				"graph_detect_hand_gesture_to_control_visibility_input_handgesturetype_valueList_palm_up",
				"graph_detect_hand_gesture_to_control_visibility_input_handgesturetype_valueList_kung_fu_salute(fist_covered)",
				"graph_detect_hand_gesture_to_control_visibility_input_handgesturetype_valueList_wrist_v",
				"graph_detect_hand_gesture_to_control_visibility_input_handgesturetype_valueList_salute",
				"graph_detect_hand_gesture_to_control_visibility_input_handgesturetype_valueList_palm_to_front",
				"graph_detect_hand_gesture_to_control_visibility_input_handgesturetype_valueList_pinched_fingers",
				"graph_detect_hand_gesture_to_control_visibility_input_handgesturetype_valueList_thumb_down",
				"graph_detect_hand_gesture_to_control_visibility_input_handgesturetype_valueList_index_and_middle_pointing_up"
			]
		},
		{
			"name": "Show/Hide",
			"description": "Check to make the object appear, uncheck to make it disappear",
			"type": "Bool",
			"displayType": "Boolean",
			"nameKey": "graph_detect_hand_gesture_to_showhide_object_input_showhide",
			"descriptionKey": "graph_detect_hand_gesture_to_showhide_object_input_showhide_description",
			"displayTypeKey": "graph_type_boolean"
		}
	],
	"outputs": [],
	"subgraphPath": "DetectHandGesturetoShowHideObject.ssubgraph",
	"version": "1.0.0",
	"nameKey": "graph_detect_hand_gesture_to_showhide_object_name",
	"categoryKey": "graph_category_interaction",
	"descriptionKey": "graph_detect_hand_gesture_to_showhide_object_description",
	"onlineWebsite": "graph_detect_hand_gesture_to_showhide_object_website"
}