{
	"id": "4cc2d530-1172-da9f-a37a-4368fb559ed5",
	"name": "Cast",
	"category": "Vector Operations",
	"inputs": [
		{
			"name": "Value",
			"description": "The value you want to convert",
			"type": "Number",
			"displayType": "Number",
			"nameKey": "mg_cast_input_value",
			"descriptionKey": "mg_cast_input_value_description",
			"displayTypeKey": "graph_type_number"
		}
	],
	"outputs": [
		{
			"name": "Result",
			"description": "The value after conversion",
			"type": "Number",
			"displayType": "Number",
			"nameKey": "mg_cast_output_result",
			"descriptionKey": "mg_cast_output_result_description",
			"displayTypeKey": "graph_type_number"
		}
	],
	"description": "Converts a value to a specified type",
	"supportedInputs": [
		{
			"in": [
				"genType"
			],
			"out": [
				"Number"
			]
		},
		{
			"in": [
				"genType"
			],
			"out": [
				"Vector2f"
			]
		},
		{
			"in": [
				"genType"
			],
			"out": [
				"Vector3f"
			]
		},
		{
			"in": [
				"genType"
			],
			"out": [
				"Vector4f"
			]
		},
		{
			"in": [
				"genType"
			],
			"out": [
				"Color"
			]
		}
	],
	"productTypes": [
		"EHO",
		"EHD",
		"EHI"
	],
	"version": "1.0.0",
	"nameKey": "mg_cast_name",
	"categoryKey": "mg_category_vector_operations",
	"descriptionKey": "mg_cast_description",
	"nodeSettingConfig": {
		"sections": [
			{
				"section": "General",
				"sectionKey": "mgparam_section_general",
				"properties": [
					{
						"property": "Cast Type",
						"propertyType": "StringList",
						"propertyKey": "mg_cast_setting_general_cast_type",
						"defaultValue": "Float",
						"propertyAttribute": {
							"option": [
								{
									"key": "mg_cast_setting_general_cast_type_stringlist_float",
									"value": "Float"
								},
								{
									"key": "mg_cast_setting_general_cast_type_stringlist_vec2",
									"value": "Vec2"
								},
								{
									"key": "mg_cast_setting_general_cast_type_stringlist_vec3",
									"value": "Vec3"
								},
								{
									"key": "mg_cast_setting_general_cast_type_stringlist_vec4",
									"value": "Vec4"
								},
								{
									"key": "mg_cast_setting_general_cast_type_stringlist_color",
									"value": "Color"
								}
							]
						}
					}
				]
			}
		]
	}
}