{"physics2d_timespeed":1,"physics2d_gravity":{"x":0,"y":-9.8},"physics2d_contactVelocitySolveIter":5,"physics2d_positionSolveIter":5,"physicsCollisionConfigure2D":{"arr":"[[true,true,true,true,true,true,true,true,true,true],[true,true,true,true,true,true,true,true,true,true],[true,true,true,true,true,true,true,true,true,true],[true,true,true,true,true,true,true,true,true,true],[true,true,true,true,true,true,true,true,true,true],[true,true,true,true,true,true,true,true,true,true],[true,true,true,true,true,true,true,true,true,true],[true,true,true,true,true,true,true,true,true,true],[true,true,true,true,true,true,true,true,true,true],[true,true,true,true,true,true,true,true,true,true]]"}}