{
	"name": "Detect Face Movement to Show/Hide Object",
	"id": "4334d0f4-3521-f007-fb42-6ea768cb56c2",
	"category": "Interaction",
	"description": "Shows or hides the target object when the selected facial movement is detected",
	"groupTemplate": true,
	"productTypes": [
		"EHO",
		"EHD",
		"EHI"
	],
	"foldable": true,
	"expandable": true,
	"inputs": [
		{
			"name": "Target",
			"type": "Entity",
			"description": "The object to be shown or hidden",
			"displayType": "Scene Object",
			"nameKey": "graph_detect_face_movement_to_showhide_object_input_target",
			"descriptionKey": "graph_detect_face_movement_to_showhide_object_input_target_description",
			"displayTypeKey": "graph_type_sceneobject"
		},
		{
			"name": "Detect",
			"description": "The face whose movement will be detected. Face 0 represents the first face that appears in the scene, Face 1, the second, and so on. Any represents any face in the scene.",
			"type": "String",
			"value_list": [
				"Face 0",
				"Face 1",
				"Face 2",
				"Face 3",
				"Face 4",
				"Any"
			],
			"displayType": "String",
			"nameKey": "graph_detect_face_movement_to_showhide_object_input_detect",
			"descriptionKey": "graph_detect_face_movement_to_showhide_object_input_detect_description",
			"displayTypeKey": "graph_type_string",
			"value_list_i18n_keys": [
				"graph_detect_facial_movement_to_control_visibility_input_detect_valueList_face_0",
				"graph_detect_facial_movement_to_control_visibility_input_detect_valueList_face_1",
				"graph_detect_facial_movement_to_control_visibility_input_detect_valueList_face_2",
				"graph_detect_facial_movement_to_control_visibility_input_detect_valueList_face_3",
				"graph_detect_facial_movement_to_control_visibility_input_detect_valueList_face_4",
				"graph_detect_facial_movement_to_control_visibility_input_detect_valueList_any"
			]
		},
		{
			"name": "Face Movement",
			"description": "The movement on the user's face",
			"type": "String",
			"value_list": [
				"Eye Blink Left",
				"Eye Blink Right",
				"Eye Blink Both",
				"Eye Blink Either",
				"Mouth Open",
				"Mouth Pout",
				"Eyebrow Wiggle"
			],
			"displayType": "String",
			"nameKey": "graph_detect_face_movement_to_showhide_object_input_facemovement",
			"descriptionKey": "graph_detect_face_movement_to_showhide_object_input_facemovement_description",
			"displayTypeKey": "graph_type_string",
			"value_list_i18n_keys": [
				"graph_detect_facial_movement_to_control_visibility_input_facialmovementtype_valueList_eye_blink_left",
				"graph_detect_facial_movement_to_control_visibility_input_facialmovementtype_valueList_eye_blink_right",
				"graph_detect_facial_movement_to_control_visibility_input_facialmovementtype_valueList_eye_blink_both",
				"graph_detect_facial_movement_to_control_visibility_input_facialmovementtype_valueList_eye_blink_either",
				"graph_detect_facial_movement_to_control_visibility_input_facialmovementtype_valueList_mouth_open",
				"graph_detect_facial_movement_to_control_visibility_input_facialmovementtype_valueList_mouth_pout",
				"graph_detect_facial_movement_to_control_visibility_input_facialmovementtype_valueList_eyebrow_wiggle"
			]
		},
		{
			"name": "Show/Hide",
			"description": "Check to make the object appear, uncheck to make it disappear",
			"type": "Bool",
			"displayType": "Boolean",
			"default_value": false,
			"nameKey": "graph_detect_face_movement_to_showhide_object_input_showhide",
			"descriptionKey": "graph_detect_face_movement_to_showhide_object_input_showhide_description",
			"displayTypeKey": "graph_type_boolean"
		}
	],
	"outputs": [],
	"subgraphPath": "DetectFaceMovementtoShowHideObject.ssubgraph",
	"version": "1.0.0",
	"nameKey": "graph_detect_face_movement_to_showhide_object_name",
	"categoryKey": "graph_category_interaction",
	"descriptionKey": "graph_detect_face_movement_to_showhide_object_description",
	"onlineWebsite": "graph_detect_face_movement_to_showhide_object_website"
}