{
	"name": "Gesture Detection",
	"id": "67144819-16ad-b75d-18d3-0b965c0bafdb",
	"inputs": [
		{
			"name": "Detect",
			"description": "The hand to detect the gesture. Hand 0 represents the first hand appearing in the scene, Hand 1 represents the second hand appearing in the scene, Either represents either hand appearing in the scene.",
			"type": "String",
			"value_list": [
				"Hand 0",
				"Hand 1",
				"Either"
			],
			"displayType": "String",
			"nameKey": "graph_gesture_detection_input_detect",
			"descriptionKey": "graph_gesture_detection_input_detect_description",
			"displayTypeKey": "graph_type_string",
			"value_list_i18n_keys": [
				"graph_gesture_detection_input_detect_valueList_hand0",
				"graph_gesture_detection_input_detect_valueList_hand1",
				"graph_gesture_detection_input_detect_valueList_either"
			]
		},
		{
			"name": "Gesture",
			"description": "The gesture types, including Backhand 3-finger Pointing Up, 4-finger Pointing Up, Fist, Open Palm, \"I Love You\", Horns, Index Finger Up, Victory, Thumb Up, Hand Heart (Thumb Up), Hand Heart (Thumb Down), Open Fist Heart, Finger Heart, Index Pointing, 2-finger Pointing, 3-Finger Pointing Up, OK, \"Call Me\", V (Thumb and Index ), Touching Palms, Kung Fu Salute (Fist Uncovered), \"Pray\", Palm Up, Kung Fu Salute(Fist Covered), Wrist V, Salute, Palm to Front, Pinched Fingers, Thumb Down, Index and Middle Pointing Up",
			"type": "String",
			"isContentFeature": true,
			"value_list": [
				"Thumb up",
				"Backhand 3-Finger Pointing Up",
				"4-Finger Pointing Up",
				"Fist",
				"Open Palm",
				"\"I Love You\"",
				"Horns",
				"Index Pointing up",
				"Victory",
				"Hand Heart(Thumb Up)",
				"Hand Heart(Thumb Down)",
				"Open Fist Heart",
				"Finger Heart",
				"Index Pointing",
				"2-Finger Pointing",
				"3-Finger Pointing Up",
				"OK",
				"\"Call Me\"",
				"V(Thumb and Index)",
				"Touching Palms",
				"Kung Fu Salute(Fist Uncovered)",
				"\"Pray\"",
				"Palm up",
				"Kung Fu Salute (Fist Covered)",
				"Wrist V",
				"Salute",
				"Palm To Front",
				"Pinched Fingers",
				"Thumb down",
				"Index and Middle Pointing Up"
			],
			"displayType": "String",
			"nameKey": "graph_gesture_detection_input_gesture",
			"descriptionKey": "graph_gesture_detection_input_gesture_description",
			"displayTypeKey": "graph_type_string",
			"value_list_i18n_keys": [
				"graph_gesture_detection_input_gesture_valueList_thumbup",
				"graph_gesture_detection_input_gesture_valueList_backhand3fingerpointingup",
				"graph_gesture_detection_input_gesture_valueList_4fingerpointingup",
				"graph_gesture_detection_input_gesture_valueList_fist",
				"graph_gesture_detection_input_gesture_valueList_openpalm",
				"graph_gesture_detection_input_gesture_valueList_iloveyou",
				"graph_gesture_detection_input_gesture_valueList_horns",
				"graph_gesture_detection_input_gesture_valueList_indexfingerup",
				"graph_gesture_detection_input_gesture_valueList_victory",
				"graph_gesture_detection_input_gesture_valueList_handheartthumbup",
				"graph_gesture_detection_input_gesture_valueList_handheartthumbdown",
				"graph_gesture_detection_input_gesture_valueList_openfistheart",
				"graph_gesture_detection_input_gesture_valueList_fingerheart",
				"graph_gesture_detection_input_gesture_valueList_indexpointing",
				"graph_gesture_detection_input_gesture_valueList_2fingerpointing",
				"graph_gesture_detection_input_gesture_valueList_3fingerpointingup",
				"graph_gesture_detection_input_gesture_valueList_ok",
				"graph_gesture_detection_input_gesture_valueList_callme",
				"graph_gesture_detection_input_gesture_valueList_vthumbandindex",
				"graph_gesture_detection_input_gesture_valueList_touchingpalms",
				"graph_gesture_detection_input_gesture_valueList_kungfusalutefistuncovered",
				"graph_gesture_detection_input_gesture_valueList_pray",
				"graph_gesture_detection_input_gesture_valueList_palmup",
				"graph_gesture_detection_input_gesture_valueList_kungfusalutefistcovered",
				"graph_gesture_detection_input_gesture_valueList_wristv",
				"graph_gesture_detection_input_gesture_valueList_salute",
				"graph_gesture_detection_input_gesture_valueList_palmtofront",
				"graph_gesture_detection_input_gesture_valueList_pinchedfingers",
				"graph_gesture_detection_input_gesture_valueList_thumbdown",
				"graph_gesture_detection_input_gesture_valueList_indexandmiddlepointingup"
			]
		}
	],
	"outputs": [
		{
			"name": "Begin",
			"description": "Execute the next node when the gesture is detected",
			"type": "Pulse",
			"displayType": "Exec",
			"nameKey": "graph_gesture_detection_output_begin",
			"descriptionKey": "graph_gesture_detection_output_begin_description",
			"displayTypeKey": "graph_type_exec"
		},
		{
			"name": "Stay",
			"description": "Keep executing the next node when the gesture stays in the scene",
			"type": "Pulse",
			"displayType": "Exec",
			"nameKey": "graph_gesture_detection_output_stay",
			"descriptionKey": "graph_gesture_detection_output_stay_description",
			"displayTypeKey": "graph_type_exec"
		},
		{
			"name": "End",
			"description": "Execute the next node when the gesture disappeared",
			"type": "Pulse",
			"displayType": "Exec",
			"nameKey": "graph_gesture_detection_output_end",
			"descriptionKey": "graph_gesture_detection_output_end_description",
			"displayTypeKey": "graph_type_exec"
		},
		{
			"name": "None",
			"description": "Keep executing the next node when no gesture is detected",
			"type": "Pulse",
			"displayType": "Exec",
			"nameKey": "graph_gesture_detection_output_none",
			"descriptionKey": "graph_gesture_detection_output_none_description",
			"displayTypeKey": "graph_type_exec"
		}
	],
	"scriptAPIVersion": "1.0.0",
	"js": "CGGestureDetection.js",
	"nodeEvent": [
		"onUpdate",
		"resetOnRecord"
	],
	"category": "Hand",
	"description": "Detect hand gestures in the scene. To preview gestures, click Preview > Hand.",
	"productTypes": [
		"EHO",
		"EHD",
		"EHI"
	],
	"graphAlgorithms": [
		"2handGestureDetect"
	],
	"version": "1.0.1",
	"onlineWebsite": "graph_gesture_detection_website",
	"nameKey": "graph_gesture_detection_name",
	"categoryKey": "graph_category_hand",
	"descriptionKey": "graph_gesture_detection_description",
	"contentFeature": [
		"GestureDetection"
	]
}