{
	"id": "b8c0d73c-a3b9-0c89-8b98-372f7b21f1f6",
	"name": "Combine",
	"category": "Vector Operations",
	"inputs": [
		{
			"name": "A",
			"description": "The first value to combine",
			"type": "Number",
			"displayType": "Number",
			"nameKey": "mg_combine_input_a",
			"descriptionKey": "mg_combine_input_a_description",
			"displayTypeKey": "graph_type_number"
		},
		{
			"name": "B",
			"description": "The second value to combine",
			"type": "Number",
			"displayType": "Number",
			"nameKey": "mg_combine_input_b",
			"descriptionKey": "mg_combine_input_b_description",
			"displayTypeKey": "graph_type_number"
		}
	],
	"outputs": [
		{
			"name": "Result",
			"description": "The resulting vector",
			"type": "Vector2f",
			"displayType": "Vec2",
			"nameKey": "mg_combine_output_result",
			"descriptionKey": "mg_combine_output_result_description",
			"displayTypeKey": "graph_type_vec2"
		}
	],
	"description": "Combines two, three, or four input values to form a vector",
	"supportedInputs": [
		{
			"in": [
				"Number",
				"Number"
			],
			"out": [
				"Vector2f"
			]
		},
		{
			"in": [
				"Number",
				"Vector2f"
			],
			"out": [
				"Vector3f"
			]
		},
		{
			"in": [
				"Vector2f",
				"Number"
			],
			"out": [
				"Vector3f"
			]
		},
		{
			"in": [
				"Number",
				"Number",
				"Number"
			],
			"out": [
				"Vector3f"
			]
		},
		{
			"in": [
				"Vector2f",
				"Vector2f"
			],
			"out": [
				"Vector4f"
			]
		},
		{
			"in": [
				"Vector2f",
				"Number",
				"Number"
			],
			"out": [
				"Vector4f"
			]
		},
		{
			"in": [
				"Number",
				"Vector2f",
				"Number"
			],
			"out": [
				"Vector4f"
			]
		},
		{
			"in": [
				"Number",
				"Number",
				"Vector2f"
			],
			"out": [
				"Vector4f"
			]
		},
		{
			"in": [
				"Number",
				"Number",
				"Number",
				"Number"
			],
			"out": [
				"Vector4f"
			]
		}
	],
	"productTypes": [
		"EHO",
		"EHD",
		"EHI"
	],
	"version": "1.0.0",
	"nameKey": "mg_combine_name",
	"categoryKey": "mg_category_vector_operations",
	"descriptionKey": "mg_combine_description",
	"nodeSettingConfig": {
		"sections": [
			{
				"section": "General",
				"sectionKey": "mgparam_section_general",
				"properties": [
					{
						"property": "Input Count",
						"propertyType": "ValueList",
						"propertyKey": "mg_combine_setting_general_input_count",
						"defaultValue": 2,
						"propertyAttribute": {
							"option": [
								{
									"key": "mg_combine_setting_general_input_count_valuelist_2",
									"value": 2
								},
								{
									"key": "mg_combine_setting_general_input_count_valuelist_3",
									"value": 3
								},
								{
									"key": "mg_combine_setting_general_input_count_valuelist_4",
									"value": 4
								}
							]
						}
					}
				]
			}
		]
	}
}