{
	"name": "Less Than",
	"id": "c533f008-3b86-c5ab-5c02-39a54e7bf26d",
	"inputs": [
		{
			"name": "A",
			"type": "Int",
			"item_type": "",
			"dynamic": true,
			"default_value": "0",
			"description": "The first input to compare",
			"displayType": "Number",
			"nameKey": "graph_less_than_input_a",
			"descriptionKey": "graph_less_than_input_a_description",
			"displayTypeKey": "graph_type_number"
		},
		{
			"name": "B",
			"type": "Int",
			"item_type": "",
			"dynamic": true,
			"default_value": "0",
			"description": "The second value to compare",
			"displayType": "Number",
			"nameKey": "graph_less_than_input_b",
			"descriptionKey": "graph_less_than_input_b_description",
			"displayTypeKey": "graph_type_number"
		}
	],
	"outputs": [
		{
			"name": "Result",
			"type": "Bool",
			"item_type": "",
			"dynamic": false,
			"description": "If A is less than B, this value is true. Otherwise, this value is false.",
			"displayType": "Boolean",
			"nameKey": "graph_less_than_output_result",
			"descriptionKey": "graph_less_than_output_result_description",
			"displayTypeKey": "graph_type_boolean"
		}
	],
	"scriptAPIVersion": "1.0.0",
	"js": "CGLessThan.js",
	"lua": "CGLessThan.lua",
	"version": "1.1.0",
	"amazingVersion": "10.40.0",
	"luaFuncName": "CGLessThan",
	"category": "Logic",
	"description": "Compare two inputs and check if the first input is less than the second input.",
	"supportedValueTypes": [
		"Int",
		"Double"
	],
	"productTypes": [
		"EHO",
		"EHD",
		"EHI"
	],
	"onlineWebsite": "graph_less_than_website",
	"nameKey": "graph_less_than_name",
	"categoryKey": "graph_category_logic",
	"descriptionKey": "graph_less_than_description"
}