{
	"name": "Wait for Seconds",
	"id": "fabb7d28-44dc-6c9b-19c2-05cb1e546b4a",
	"inputs": [
		{
			"name": "Enter",
			"type": "Pulse",
			"item_type": "",
			"description": "The input execution that triggers this node",
			"displayType": "Exec",
			"nameKey": "graph_wait_for_seconds_input_enter",
			"descriptionKey": "graph_wait_for_seconds_input_enter_description",
			"displayTypeKey": "graph_type_exec"
		},
		{
			"name": "Start",
			"type": "Double",
			"item_type": "",
			"default_value": "0",
			"description": "The number of seconds to wait before executing the next node",
			"displayType": "Number",
			"nameKey": "graph_wait_for_seconds_input_start",
			"descriptionKey": "graph_wait_for_seconds_input_start_description",
			"displayTypeKey": "graph_type_number"
		}
	],
	"outputs": [
		{
			"name": "Next",
			"type": "Pulse",
			"item_type": "",
			"description": "Execute the next node when time is up",
			"displayType": "Exec",
			"nameKey": "graph_wait_for_seconds_output_next",
			"descriptionKey": "graph_wait_for_seconds_output_next_description",
			"displayTypeKey": "graph_type_exec"
		}
	],
	"lua": "CGWait.lua",
	"scriptAPIVersion": "1.0.0",
	"js": "CGWait.js",
	"version": "1.0.1",
	"amazingVersion": "10.40.0",
	"luaFuncName": "CGWait",
	"category": "Time",
	"description": "Take an execution after certain seconds.",
	"nodeEvent": [
		"onUpdate",
		"resetOnRecord"
	],
	"productTypes": [
		"EHO",
		"EHD",
		"EHI"
	],
	"onlineWebsite": "graph_wait_for_seconds_website",
	"nameKey": "graph_wait_for_seconds_name",
	"categoryKey": "graph_category_time",
	"descriptionKey": "graph_wait_for_seconds_description"
}