{
	"id": "898910cf-16a3-c448-9d04-21e879c791df",
	"name": "Step",
	"category": "Math",
	"inputs": [
		{
			"name": "Edge",
			"description": "The position of the edge of the step function",
			"type": "Vector3f",
			"displayType": "Vec3",
			"nameKey": "mg_step_input_edge",
			"descriptionKey": "mg_step_input_edge_description",
			"displayTypeKey": "graph_type_vec3"
		},
		{
			"name": "Value",
			"description": "The value to compare with the edge",
			"type": "Vector3f",
			"displayType": "Vec3",
			"nameKey": "mg_step_input_value",
			"descriptionKey": "mg_step_input_value_description",
			"displayTypeKey": "graph_type_vec3"
		}
	],
	"outputs": [
		{
			"name": "Result",
			"description": "The step function result",
			"type": "Vector3f",
			"displayType": "Vec3",
			"nameKey": "mg_step_output_result",
			"descriptionKey": "mg_step_output_result_description",
			"displayTypeKey": "graph_type_vec3"
		}
	],
	"description": "Returns 0 if the input value is less than the edge; otherwise, it returns 1",
	"supportedInputs": [
		{
			"in": [
				"genType",
				"genType"
			],
			"out": [
				"genType"
			]
		},
		{
			"in": [
				"Number",
				"genType"
			],
			"out": [
				"genType"
			]
		},
		{
			"in": [
				"Vector4f",
				"Color"
			],
			"out": [
				"Color"
			]
		}
	],
	"productTypes": [
		"EHO",
		"EHD",
		"EHI"
	],
	"version": "1.0.0",
	"nameKey": "mg_step_name",
	"categoryKey": "mg_category_math",
	"descriptionKey": "mg_step_description"
}