{
	"name": "Set Material",
	"id": "e09aa401-42d4-138c-ed8b-74befd849dbd",
	"inputs": [
		{
			"name": "Enter",
			"description": "The input that triggers this node",
			"type": "Pulse",
			"displayType": "Exec",
			"nameKey": "graph_set_material_input_enter",
			"descriptionKey": "graph_set_material_input_enter_description",
			"displayTypeKey": "graph_type_exec"
		},
		{
			"name": "Material",
			"description": "The Material whose properties to set",
			"type": "Material",
			"displayType": "Material",
			"nameKey": "graph_set_material_input_material",
			"descriptionKey": "graph_set_material_input_material_description",
			"displayTypeKey": "graph_type_material"
		},
		{
			"name": "Uniform Name",
			"description": "The name of the Uniform in the corresponding shader",
			"type": "String",
			"displayType": "String",
			"nameKey": "graph_set_material_input_uniformname",
			"descriptionKey": "graph_set_material_input_uniformname_description",
			"displayTypeKey": "graph_type_string"
		},
		{
			"name": "Uniform",
			"description": "The value of the specified Uniform type",
			"type": "Texture",
			"providerType": "Texture2DProvider",
			"dynamic": true,
			"displayType": "Texture",
			"nameKey": "graph_set_material_input_uniform",
			"descriptionKey": "graph_set_material_input_uniform_description",
			"displayTypeKey": "graph_type_texture"
		}
	],
	"outputs": [
		{
			"name": "Next",
			"description": "Execute the next node",
			"type": "Pulse",
			"displayType": "Exec",
			"nameKey": "graph_set_material_output_next",
			"descriptionKey": "graph_set_material_output_next_description",
			"displayTypeKey": "graph_type_exec"
		}
	],
	"supportedValueTypes": [
		"Texture",
		"Double",
		"Vector2f",
		"Vector3f",
		"Vector4f",
		"Color",
		"Matrix4x4f"
	],
	"nodeEvent": [
		"beforeStart"
	],
	"category": "Utility",
	"version": "1.0.0",
	"description": "Sets the properties of the specified Material",
	"onlineWebsite": "graph_set_material_website",
	"productTypes": [
		"EHO",
		"EHD",
		"EHI"
	],
	"scriptAPIVersion": "1.0.0",
	"js": "CGSetMaterial.js",
	"nameKey": "graph_set_material_name",
	"categoryKey": "graph_category_utility",
	"descriptionKey": "graph_set_material_description"
}