{
	"id": "97198208-feee-32b2-fe0e-9a53686cddb5",
	"name": "Split",
	"category": "Vector Operations",
	"inputs": [
		{
			"name": "Value",
			"description": "The vector to split",
			"type": "Vector2f",
			"displayType": "Vec2",
			"nameKey": "mg_split_input_value",
			"descriptionKey": "mg_split_input_value_description",
			"displayTypeKey": "graph_type_vec2"
		}
	],
	"outputs": [
		{
			"name": "A",
			"description": "The first split value",
			"type": "Number",
			"displayType": "Number",
			"nameKey": "mg_split_output_a",
			"descriptionKey": "mg_split_output_a_description",
			"displayTypeKey": "graph_type_number"
		},
		{
			"name": "B",
			"description": "The second split value",
			"type": "Number",
			"displayType": "Number",
			"nameKey": "mg_split_output_b",
			"descriptionKey": "mg_split_output_b_description",
			"displayTypeKey": "graph_type_number"
		}
	],
	"description": "Splits the input vector value into two, three, or four output values",
	"supportedInputs": [
		{
			"in": [
				"Vector2f"
			],
			"out": [
				"Number",
				"Number"
			]
		},
		{
			"in": [
				"Vector3f"
			],
			"out": [
				"Number",
				"Number",
				"Number"
			]
		},
		{
			"in": [
				"Vector4f"
			],
			"out": [
				"Number",
				"Number",
				"Number",
				"Number"
			]
		},
		{
			"in": [
				"Color"
			],
			"out": [
				"Number",
				"Number",
				"Number",
				"Number"
			]
		}
	],
	"productTypes": [
		"EHO",
		"EHD",
		"EHI"
	],
	"version": "1.0.0",
	"nameKey": "mg_split_name",
	"categoryKey": "mg_category_vector_operations",
	"descriptionKey": "mg_split_description"
}