{
	"id": "564c9833-df82-ce20-6e7c-6d555bcf203e",
	"name": "Multiply",
	"category": "Math",
	"inputs": [
		{
			"name": "A",
			"description": "The first input value",
			"type": "Vector3f",
			"displayType": "Vec3",
			"nameKey": "mg_multiply_input_a",
			"descriptionKey": "mg_multiply_input_a_description",
			"displayTypeKey": "graph_type_vec3"
		},
		{
			"name": "B",
			"description": "The second input value",
			"type": "Vector3f",
			"displayType": "Vec3",
			"nameKey": "mg_multiply_input_b",
			"descriptionKey": "mg_multiply_input_b_description",
			"displayTypeKey": "graph_type_vec3"
		}
	],
	"outputs": [
		{
			"name": "Result",
			"description": "The result of A multiplied by B",
			"type": "Vector3f",
			"displayType": "Vec3",
			"nameKey": "mg_multiply_output_result",
			"descriptionKey": "mg_multiply_output_result_description",
			"displayTypeKey": "graph_type_vec3"
		}
	],
	"description": "Calculates the product of two input values",
	"supportedInputs": [
		{
			"in": [
				"genType",
				"genType"
			],
			"out": [
				"genType"
			]
		},
		{
			"in": [
				"genType",
				"Number"
			],
			"out": [
				"genType"
			]
		},
		{
			"in": [
				"Number",
				"genType"
			],
			"out": [
				"genType"
			]
		}
	],
	"productTypes": [
		"EHO",
		"EHD",
		"EHI"
	],
	"version": "1.0.0",
	"nameKey": "mg_multiply_name",
	"categoryKey": "mg_category_math",
	"descriptionKey": "mg_multiply_description"
}