{
	"id": "e5f7c454-e9c3-8a8a-9b87-7fadace42ab4",
	"name": "Append 4",
	"category": "Vector Operations",
	"inputs": [
		{
			"name": "X",
			"description": "The first input value",
			"type": "Number",
			"displayType": "Number",
			"nameKey": "mg_append_4_input_x",
			"descriptionKey": "mg_append_4_input_x_description",
			"displayTypeKey": "graph_type_number"
		},
		{
			"name": "Y",
			"description": "The second input value",
			"type": "Number",
			"displayType": "Number",
			"nameKey": "mg_append_4_input_y",
			"descriptionKey": "mg_append_4_input_y_description",
			"displayTypeKey": "graph_type_number"
		},
		{
			"name": "Z",
			"description": "The third input value",
			"type": "Number",
			"displayType": "Number",
			"nameKey": "mg_append_4_input_z",
			"descriptionKey": "mg_append_4_input_z_description",
			"displayTypeKey": "graph_type_number"
		},
		{
			"name": "W",
			"description": "The fourth input value",
			"type": "Number",
			"displayType": "Number",
			"nameKey": "mg_append_4_input_w",
			"descriptionKey": "mg_append_4_input_w_description",
			"displayTypeKey": "graph_type_number"
		}
	],
	"outputs": [
		{
			"name": "Result",
			"description": "The combined values",
			"type": "Vector4f",
			"displayType": "Vec4",
			"nameKey": "mg_append_4_output_result",
			"descriptionKey": "mg_append_4_output_result_description",
			"displayTypeKey": "graph_type_vec4"
		}
	],
	"description": "Appends four floats",
	"productTypes": [
		"EHO",
		"EHD",
		"EHI"
	],
	"version": "1.0.0",
	"nameKey": "mg_append_4_name",
	"categoryKey": "mg_category_vector_operations",
	"descriptionKey": "mg_append_4_description"
}