{
	"id": "b39a2080-1a93-116f-0e97-3f2b208c0457",
	"name": "One Minus",
	"category": "Math",
	"inputs": [
		{
			"name": "Value",
			"description": "The input value",
			"type": "Vector3f",
			"displayType": "Vec3",
			"nameKey": "mg_one_minus_input_value",
			"descriptionKey": "mg_one_minus_input_value_description",
			"displayTypeKey": "graph_type_vec3"
		}
	],
	"outputs": [
		{
			"name": "Result",
			"description": "The result of 1 minus the input value",
			"type": "Vector3f",
			"displayType": "Vec3",
			"nameKey": "mg_one_minus_output_result",
			"descriptionKey": "mg_one_minus_output_result_description",
			"displayTypeKey": "graph_type_vec3"
		}
	],
	"description": "Calculates the difference between 1 and the input value",
	"supportedInputs": [
		{
			"in": [
				"genType"
			],
			"out": [
				"genType"
			]
		}
	],
	"productTypes": [
		"EHO",
		"EHD",
		"EHI"
	],
	"version": "1.0.0",
	"nameKey": "mg_one_minus_name",
	"categoryKey": "mg_category_math",
	"descriptionKey": "mg_one_minus_description"
}