{
	"id": "67db21a0-2d2f-2e5f-cc89-6eca4dd3f6dc",
	"name": "Color",
	"category": "Parameter",
	"inputs": [],
	"outputs": [
		{
			"name": "Result",
			"description": "The color parameter",
			"type": "Color",
			"nameKey": "mg_color_output_result",
			"descriptionKey": "mg_color_output_result_description",
			"displayType": "Color",
			"displayTypeKey": "graph_type_color"
		}
	],
	"description": "Adds a color parameter",
	"productTypes": [
		"EHO",
		"EHD",
		"EHI"
	],
	"version": "1.0.0",
	"nameKey": "mg_color_name",
	"descriptionKey": "mg_color_description",
	"categoryKey": "mg_category_parameter"
}