{
	"name": "Greater Than",
	"id": "713b60d7-effd-c58f-392e-477f6f35514f",
	"inputs": [
		{
			"name": "A",
			"type": "Int",
			"item_type": "",
			"dynamic": true,
			"default_value": "0",
			"description": "The first input to compare",
			"displayType": "Number",
			"nameKey": "graph_greater_than_input_a",
			"descriptionKey": "graph_greater_than_input_a_description",
			"displayTypeKey": "graph_type_number"
		},
		{
			"name": "B",
			"type": "Int",
			"item_type": "",
			"dynamic": true,
			"default_value": "0",
			"description": "The second value to compare",
			"displayType": "Number",
			"nameKey": "graph_greater_than_input_b",
			"descriptionKey": "graph_greater_than_input_b_description",
			"displayTypeKey": "graph_type_number"
		}
	],
	"outputs": [
		{
			"name": "Result",
			"type": "Bool",
			"item_type": "",
			"description": "If A is greater than B this value is true. Otherwise, this value is false.",
			"displayType": "Boolean",
			"nameKey": "graph_greater_than_output_result",
			"descriptionKey": "graph_greater_than_output_result_description",
			"displayTypeKey": "graph_type_boolean"
		}
	],
	"scriptAPIVersion": "1.0.0",
	"js": "CGGreaterThan.js",
	"lua": "CGGreaterThan.lua",
	"version": "1.1.0",
	"amazingVersion": "10.40.0",
	"luaFuncName": "CGGreaterThan",
	"category": "Logic",
	"description": "Compare two inputs and check if the first input is greater than the second input.",
	"supportedValueTypes": [
		"Int",
		"Double"
	],
	"productTypes": [
		"EHO",
		"EHD",
		"EHI"
	],
	"onlineWebsite": "graph_greater_than_website",
	"nameKey": "graph_greater_than_name",
	"categoryKey": "graph_category_logic",
	"descriptionKey": "graph_greater_than_description"
}