{
	"name": "Event Trigger: Detect Hand Gesture",
	"nameKey": "graph_event_trigger_detect_hand_gesture_name",
	"id": "d7eb8c17-0d51-c1ed-c10f-2a2c33f80ae4",
	"inputs": [
		{
			"name": "Detect",
			"nameKey": "graph_event_trigger_detect_hand_gesture_input_detect",
			"description": "The hand whose gesture will be detected. Hand 0 represents the first hand that appears in the scene, Hand 1, the second. Either represents either hand in the scene.",
			"descriptionKey": "graph_event_trigger_detect_hand_gesture_input_detect_description",
			"type": "String",
			"displayType": "String",
			"displayTypeKey": "graph_type_string"
		},
		{
			"name": "Hand Gesture",
			"nameKey": "graph_event_trigger_detect_hand_gesture_input_handgesture",
			"description": "The gesture of the user's hand",
			"descriptionKey": "graph_event_trigger_detect_hand_gesture_input_handgesture_description",
			"type": "String",
			"displayType": "String",
			"displayTypeKey": "graph_type_string"
		}
	],
	"outputs": [
		{
			"name": "Begin",
			"nameKey": "graph_event_trigger_detect_hand_gesture_output_begin",
			"description": "Execute the moment detection starts",
			"descriptionKey": "graph_event_trigger_detect_hand_gesture_output_begin_description",
			"type": "Pulse",
			"displayType": "Exec",
			"displayTypeKey": "graph_type_exec"
		},
		{
			"name": "End",
			"nameKey": "graph_event_trigger_detect_hand_gesture_output_end",
			"description": "Execute the moment detection ends",
			"descriptionKey": "graph_event_trigger_detect_hand_gesture_output_end_description",
			"type": "Pulse",
			"displayType": "Exec",
			"displayTypeKey": "graph_type_exec"
		}
	],
	"category": "Trigger & Response",
	"categoryKey": "graph_category_triggerresponse",
	"groupTemplate": true,
	"foldable": true,
	"expandable": true,
	"version": "2.0.0",
	"description": "Triggers when the selected hand gesture is detected",
	"descriptionKey": "graph_event_trigger_detect_hand_gesture_description",
	"onlineWebsite": "graph_event_trigger_detect_hand_gesture_website",
	"productTypes": [
		"EHI",
		"EHO",
		"EHD",
		"Pre-QA"
	],
	"subgraphPath": "DetectHandGesture.ssubgraph"
}