{
	"name": "Video Record",
	"id": "4945a3e7-a2d3-b194-7c0c-b2e6a3d52c46",
	"inputs": [],
	"outputs": [
		{
			"name": "On Start",
			"description": "Execute the next node when the recording starts",
			"type": "Pulse",
			"displayType": "Exec",
			"nameKey": "graph_video_record_output_onstart",
			"descriptionKey": "graph_video_record_output_onstart_description",
			"displayTypeKey": "graph_type_exec"
		},
		{
			"name": "Recording",
			"description": "Keep executing the next node during recording",
			"type": "Pulse",
			"displayType": "Exec",
			"nameKey": "graph_video_record_output_recording",
			"descriptionKey": "graph_video_record_output_recording_description",
			"displayTypeKey": "graph_type_exec"
		},
		{
			"name": "On Stop",
			"description": "Execute the next node when the recording is stopped or paused",
			"type": "Pulse",
			"displayType": "Exec",
			"nameKey": "graph_video_record_output_onstop",
			"descriptionKey": "graph_video_record_output_onstop_description",
			"displayTypeKey": "graph_type_exec"
		},
		{
			"name": "Not Recording",
			"description": "Keep executing the next node when recording is not started",
			"type": "Pulse",
			"displayType": "Exec",
			"nameKey": "graph_video_record_output_notrecording",
			"descriptionKey": "graph_video_record_output_notrecording_description",
			"displayTypeKey": "graph_type_exec"
		}
	],
	"scriptAPIVersion": "1.0.0",
	"js": "CGRecordVideo.js",
	"version": "1.1.1",
	"category": "Event",
	"nodeEvent": [
		"onEvent",
		"onUpdate"
	],
	"description": "Execute the next node when recording. By default, in desktop tool preview, it is always recording.",
	"productTypes": [
		"EHO",
		"EHD",
		"EHI"
	],
	"onlineWebsite": "graph_video_record_website",
	"nameKey": "graph_video_record_name",
	"categoryKey": "graph_category_event",
	"descriptionKey": "graph_video_record_description"
}