{
	"name": "Event Response: Show/Hide",
	"nameKey": "graph_event_response_showhide_name",
	"id": "5cb79656-172f-2203-7793-cb19d55f4002",
	"inputs": [
		{
			"name": "Enter",
			"nameKey": "graph_event_response_showhide_input_enter",
			"description": "Execute this node",
			"descriptionKey": "graph_event_response_showhide_input_enter_description",
			"type": "Pulse",
			"displayType": "Exec",
			"displayTypeKey": "graph_type_exec"
		},
		{
			"name": "Target",
			"nameKey": "graph_event_response_showhide_input_target",
			"description": "The object to be shown or hidden",
			"descriptionKey": "graph_event_response_showhide_input_target_description",
			"type": "Entity",
			"displayType": "Scene Object",
			"displayTypeKey": "graph_type_sceneobject"
		},
		{
			"name": "Show/Hide",
			"nameKey": "graph_event_response_showhide_input_showhide",
			"description": "Check to make the object appear, uncheck to make it disappear",
			"descriptionKey": "graph_event_response_showhide_input_showhide_description",
			"type": "Bool",
			"displayType": "Boolean",
			"displayTypeKey": "graph_type_boolean"
		}
	],
	"outputs": [],
	"groupTemplate": true,
	"foldable": true,
	"expandable": true,
	"category": "Trigger & Response",
	"categoryKey": "graph_category_triggerresponse",
	"version": "2.0.0",
	"description": "Shows or hides the target object when a trigger is received",
	"descriptionKey": "graph_event_response_showhide_description",
	"onlineWebsite": "graph_event_response_showhide_website",
	"productTypes": [
		"EHI",
		"EHO",
		"EHD",
		"Pre-QA"
	],
	"subgraphPath": "ShowHide.ssubgraph"
}