{
	"name": "Event Trigger: Detect Face Movement",
	"nameKey": "graph_event_trigger_detect_face_movement_name",
	"id": "cfac74d5-f52d-6f04-f232-cecb7eab17cb",
	"inputs": [
		{
			"name": "Detect",
			"nameKey": "graph_event_trigger_detect_face_movement_input_detect",
			"description": "The face whose movement will be detected. Face 0 represents the first face that appears in the scene, Face 1, the second, and so on. Any represents any face in the scene.",
			"descriptionKey": "graph_event_trigger_detect_face_movement_input_detect_description",
			"type": "String",
			"displayType": "String",
			"displayTypeKey": "graph_type_string"
		},
		{
			"name": "Face Movement",
			"nameKey": "graph_event_trigger_detect_face_movement_input_facemovement",
			"description": "The movement on the user's face",
			"descriptionKey": "graph_event_trigger_detect_face_movement_input_facemovement_description",
			"type": "String",
			"displayType": "String",
			"displayTypeKey": "graph_type_string"
		}
	],
	"outputs": [
		{
			"name": "Begin",
			"nameKey": "graph_event_trigger_detect_face_movement_output_begin",
			"description": "Execute the moment detection starts",
			"descriptionKey": "graph_event_trigger_detect_face_movement_output_begin_description",
			"type": "Pulse",
			"displayType": "Exec",
			"displayTypeKey": "graph_type_exec"
		},
		{
			"name": "End",
			"nameKey": "graph_event_trigger_detect_face_movement_output_end",
			"description": "Execute the moment detection ends",
			"descriptionKey": "graph_event_trigger_detect_face_movement_output_end_description",
			"type": "Pulse",
			"displayType": "Exec",
			"displayTypeKey": "graph_type_exec"
		}
	],
	"category": "Trigger & Response",
	"categoryKey": "graph_category_triggerresponse",
	"groupTemplate": true,
	"foldable": true,
	"expandable": true,
	"version": "2.0.0",
	"description": "Triggers when the selected facial movement is detected",
	"descriptionKey": "graph_event_trigger_detect_face_movement_description",
	"onlineWebsite": "graph_event_trigger_detect_face_movement_website",
	"productTypes": [
		"EHI",
		"EHO",
		"EHD",
		"Pre-QA"
	],
	"subgraphPath": "DetectFaceMovement.ssubgraph"
}