{
	"id": "b730d0b0-9401-d400-b868-78e2c7f13b28",
	"name": "If AB",
	"category": "Logic",
	"inputs": [
		{
			"name": "A",
			"description": "The first input value",
			"type": "Number",
			"displayType": "Number",
			"nameKey": "mg_if_ab_input_a",
			"descriptionKey": "mg_if_ab_input_a_description",
			"displayTypeKey": "graph_type_number"
		},
		{
			"name": "B",
			"description": "The second input value",
			"type": "Number",
			"displayType": "Number",
			"nameKey": "mg_if_ab_input_b",
			"descriptionKey": "mg_if_ab_input_b_description",
			"displayTypeKey": "graph_type_number"
		},
		{
			"name": "A > B",
			"description": "The value to return if A is greater than B",
			"type": "Number",
			"displayType": "Number",
			"nameKey": "mg_if_ab_input_a__b",
			"descriptionKey": "mg_if_ab_input_a__b_description",
			"displayTypeKey": "graph_type_number"
		},
		{
			"name": "A = B",
			"description": "The value to return if A is equal to B",
			"type": "Number",
			"displayType": "Number",
			"nameKey": "mg_if_ab_input_a__b_1",
			"descriptionKey": "mg_if_ab_input_a__b_1_description",
			"displayTypeKey": "graph_type_number"
		},
		{
			"name": "A < B",
			"description": "The value to return if A is less than B",
			"type": "Number",
			"displayType": "Number",
			"nameKey": "mg_if_ab_input_a__b_2",
			"descriptionKey": "mg_if_ab_input_a__b_2_description",
			"displayTypeKey": "graph_type_number"
		}
	],
	"outputs": [
		{
			"name": "Result",
			"description": "The resulting value",
			"type": "Number",
			"displayType": "Number",
			"nameKey": "mg_if_ab_output_result",
			"descriptionKey": "mg_if_ab_output_result_description",
			"displayTypeKey": "graph_type_number"
		}
	],
	"description": "Returns a given value depending on whether input A is greater, lesser, or equal to input B. For vector input values, the comparison will be applied per element.",
	"supportedInputs": [
		{
			"in": [
				"genType",
				"genType",
				"genType",
				"genType",
				"genType"
			],
			"out": [
				"genType"
			]
		},
		{
			"in": [
				"Number",
				"Number",
				"genType",
				"genType",
				"genType"
			],
			"out": [
				"genType"
			]
		}
	],
	"productTypes": [
		"EHO",
		"EHD",
		"EHI"
	],
	"version": "1.0.0",
	"nameKey": "mg_if_ab_name",
	"categoryKey": "mg_category_logic",
	"descriptionKey": "mg_if_ab_description",
	"nodeSettingConfig": {
		"sections": [
			{
				"section": "General",
				"sectionKey": "mgparam_section_general",
				"properties": [
					{
						"property": "Equal Tolerance",
						"propertyType": "Number",
						"propertyKey": "mg_if_ab_setting_general_equal_tolerance",
						"defaultValue": 0.001
					}
				]
			}
		]
	}
}